{"cameraMode":{"drawMode":31,"name":"Sprite Mask","section":"Miscellaneous"},"sceneLighting":true,"audioPlay":false,"sceneViewState":{"showFog":true,"showMaterialUpdate":false,"showSkybox":false,"showFlares":true,"showImageEffects":true,"showParticleSystems":true},"in2DMode":false,"pivot":{"x":-5.562497138977051,"y":2.03657865524292,"z":-6.135749816894531},"rotation":{"x":0.12582336366176606,"y":-0.4049721360206604,"z":0.05638301372528076,"w":0.9039497971534729},"size":8.922683715820313,"orthographic":false}