{"cameraMode":{"drawMode":31,"name":"Sprite Mask","section":"Miscellaneous"},"sceneLighting":true,"audioPlay":false,"sceneViewState":{"showFog":true,"showMaterialUpdate":false,"showSkybox":true,"showFlares":true,"showImageEffects":true,"showParticleSystems":true},"in2DMode":false,"pivot":{"x":18.657440185546876,"y":-2.369868278503418,"z":-11.0693998336792},"rotation":{"x":-0.02652919292449951,"y":-0.9513972997665405,"z":0.0862170085310936,"w":-0.2952825427055359},"size":32.041114807128909,"orthographic":false}